{"cameraMode":{"drawMode":0,"name":"Shaded","section":"Shading Mode"},"sceneLighting":false,"audioPlay":false,"sceneViewState":{"showFog":false,"showMaterialUpdate":false,"showSkybox":false,"showFlares":false,"showImageEffects":false,"showParticleSystems":false},"in2DMode":false,"pivot":{"x":-4.717185974121094,"y":3.506692886352539,"z":3.5399880409240724},"rotation":{"x":-0.11555402725934982,"y":0.6196092367172241,"z":-0.09289059042930603,"w":-0.7707812786102295},"size":34.791500091552737,"orthographic":false}